dt	event_count	active_users	active_items	active_categories	pv_count	fav_count	cart_count	buy_count	buyer_users	events_per_user	buyer_rate_pct	pv_share_pct	fav_share_pct	cart_share_pct	buy_share_pct
2017-11-25	104008	88014	82309	3880	93408	2998	5628	1974	1960	1.1817	2.2269	89.8085	2.8825	5.4111	1.8979
2017-11-26	106758	90513	84442	3999	95966	3097	5659	2036	2020	1.1795	2.2317	89.8912	2.9010	5.3008	1.9071
2017-11-27	101072	86338	81138	3994	90531	2942	5371	2228	2209	1.1707	2.5585	89.5708	2.9108	5.3140	2.2044
2017-11-28	98686	84655	80017	4029	88395	2937	5248	2106	2090	1.1657	2.4688	89.5720	2.9761	5.3179	2.1340
2017-11-29	102440	87453	82219	4039	91778	2934	5525	2203	2186	1.1714	2.4996	89.5920	2.8641	5.3934	2.1505
2017-11-30	104349	89158	82623	4002	93543	3042	5658	2106	2095	1.1704	2.3498	89.6444	2.9152	5.4222	2.0182
2017-12-01	108486	92185	85865	4091	97088	3106	6182	2110	2091	1.1768	2.2683	89.4936	2.8630	5.6984	1.9450
2017-12-02	137371	116832	106020	4312	123054	3908	7920	2489	2475	1.1758	2.1184	89.5779	2.8449	5.7654	1.8119
2017-12-03	136259	115630	105346	4343	121965	3910	7749	2635	2611	1.1784	2.2581	89.5097	2.8695	5.6870	1.9338
